title,upName,playNum,coverImg
【明日方舟手书动画】与阿米娅的15个约定,Yoi__,16.3万播放,//i1.hdslb.com/bfs/archive/7b1cce446d87750b22bdf2ababcf7fed897d4130.jpg@412w_232h_1c.jpg
【初音ミク】天线【ピノキオピー】,ピノキオピー_official,3.3万播放,//i1.hdslb.com/bfs/archive/0c8db6cf9730a9d8ee851d2b3a982bb9be62142d.jpg@412w_232h_1c.jpg
【小缘x三无xKB】万象霜天【2021拜年纪翻唱】,三无Marblue,17.8万播放,//i1.hdslb.com/bfs/archive/5b2cdf85e5fb45c2c2801e62d31aff32c08cfa7a.jpg@412w_232h_1c.jpg
《一个叫老师的男人准备去死》,远古黑金,10.6万播放,//i2.hdslb.com/bfs/archive/fd071286e878719a41209e01af0fc79bc394ff6a.jpg@412w_232h_1c.jpg
【FGO自制动画】迦勒福购物记 - 【中+日双语配音】【迦勒底拜年记单品】,洛飕飕,11.2万播放,//i2.hdslb.com/bfs/archive/598aac4b28287c1ad27d6d6914a4f55811f67b21.jpg@412w_232h_1c.jpg
【祖娅纳惜】夜光杯【人声刚唢呐！这不比博燃？！】,祖娅纳惜,12.8万播放,//i1.hdslb.com/bfs/archive/bdf39bbeadbf8e0d37569bd7a2ec0784915070a6.jpg@412w_232h_1c.jpg
#原创动画#——菱花镜——,巴比伦塔1,100.7万播放,//i0.hdslb.com/bfs/archive/b38dd4f0931a321fbf20a8ad00bea2281b5fa3af.jpg@412w_232h_1c.jpg
建造一个真实比例太阳系,Sandyflare,9.5万播放,//i0.hdslb.com/bfs/archive/0f21a07789f8f879a23f101a7b3260b96519a0f6.jpg@412w_232h_1c.jpg
【童年回忆向/手书】我追着梦的光点,四天旅行箱,115.5万播放,//i1.hdslb.com/bfs/archive/23293fe752037dd77420faf2b62f44318e60543c.jpg@412w_232h_1c.jpg
【2021·东方华灯宴】,思维跳跃的熊怪,92.1万播放,//i1.hdslb.com/bfs/archive/032c4c5ee909a285f3d15823a7a3058b640b29e8.jpg@412w_232h_1c.jpg
